Day,Date,Workout,Weight(Kg),Bodyfat %,Calorie_intake,Step_count,Distance_m,Calories_burnt
Monday,22/06/2020,N,91.3,  20.7, 2703,7073,5286.801,368.9
Tuesday,23/06/2020,Y,91.7 ,21.70, 2703,3736,2780.1797,185.73996
Wednesday,24/06/2020,Y,91.3 ,22.80, 2703,1692,1264.45,83.049995
Thursday,25/06/2020,N,92.5 ,21.60, 2703,8472,6387.8687,435.97
Friday,26/06/2020,Y,91.7,22.50, 2703,5606,4186.432,281.84082
Saturday,27/06/2020,Y,91.9,20.7 , 2703,7748,5827.58,391.19995
Sunday,28/06/2020,N,92 , 22.3, 2703,8923,6696.44,449.54013
Monday,29/06/2020,Y,91.9  ,22.30,2654,10713,8019.699,549.19995
Tuesday,30/06/2020,Y,92.3 ,20.80,2654,9354,7052.2695,464.07013
Wednesday,1/07/2020,Y,91.2 ,21.1g,2654,2410,1793.1001,119.43999
Thursday,2/07/2020,Y,92.1,21.90,2654,1658,1233.8398,80.880005
Friday,3/07/2020,N,91.5,21.40,2654,10296,7827.7705,521.48004
Saturday,4/07/2020,Y,91.6 ,21.50,2654,13030,9844.235,659.66003
Sunday,5/07/2020,N,91.1, 21.1,2654,9776,7334.5405,514.82
Monday,6/07/2020,N,91.3  ,21.45, 2564,9607,7314.2104,498.57
Tuesday,7/07/2020,Y,91.3 ,21.45, 2564,10423,7897.9707,535.43994
Wednesday,8/07/2020,Y,90.9 ,22.10, 2564,2500,1864.4995,124.93999
Thursday,9/07/2020,Y,91.3 ,21.50, 2564,848,631.80005,41.23999
Friday,10/07/2020,N,91.7,21.70, 2564,12402,9420.588,620.59
Saturday,11/07/2020,N,91.8,21.60, 2564,11519,8719.242,587.5501
Sunday,12/07/2020,N,90.8 ,21.10, 2564,10323,7818.0503,525.16003
Monday,13/07/2020,Y,91 ,21.40, 2564,10001,7561.7383,507.1601
Tuesday,14/07/2020,Y,91 ,21.50, 2564,12673,9603.384,646.45984
Wednesday,15/07/2020,Y,90.5 ,21.20, 2564,7958,5894.9106,399.81
Thursday,16/07/2020,N,91,21.70, 2564,1686,1261.9398,84.119995
Friday,17/07/2020,N,91.4,21.20, 2564,13223,10157.798,663.4099
Saturday,18/07/2020,Y,91.5,21.60, 2564,11454,8636.08,580.2101
Sunday,19/07/2020,Y,91.4 ,21.70, 2564,12081,9072.662,614.7501
Monday,20/07/2020,Y,91.1 ,20.50,2712,8279,6243.828,421.81992
Tuesday,21/07/2020,Y,91 ,21.00,2712,12034,9057.9375,607.35004
Wednesday,22/07/2020,N,91 ,20.70,2712,3775,2796.5498,187.26003
Thursday,23/07/2020,Y,91.4 ,21.50,2712,2369,1778.5297,116.40999
Friday,24/07/2020,Y,91.4,21.17,2712,11004,8324.479,556.32
Saturday,25/07/2020,N,91.3,21.30,2712,8138,6130.5986,406.97986
Sunday,26/07/2020,Y,92.1 ,20.90,2712,10556,7944.338,526.8101
Monday,27/07/2020,Y,91.7 ,21.50,2663,2657,1985.2904,132.19997
Tuesday,28/07/2020,Y,92.2 ,21.30,2663,2516,1879.5103,124.53
Wednesday,29/07/2020,N,91.4 ,20.90,2663,11748,8945.337,584.0899
Thursday,30/07/2020,Y,92.3,20.90,2663,10993,8349.329,558.89984
Friday,31/07/2020,Y,92.3,20.50,2663,10941,8176.099,560.79
Saturday,1/08/2020,Y,91.85,21.65,2663,11286,8529.52,574.5102
Sunday,2/08/2020,N,91.55 ,20.95,2663,12100,9126.779,604.0399
Monday,3/08/2020,Y,90.9 ,21.60,2663,3226,2400.8599,160.57999
Tuesday,4/08/2020,N,91.3 ,22.30,2663,3085,2300.4097,152.29999
Wednesday,5/08/2020,Y,92.7 ,21.50,2663,9922,7418.019,490.5098
Thursday,6/08/2020,Y,92.6,20.90,2663,8539,6416.4536,432.65985
Friday,7/08/2020,N,92.05,21.20,2663,10732,8048.3223,540.7099
Saturday,8/08/2020,N,91.5,21.40,2663,10670,7981.151,546.3602
Sunday,9/08/2020,Y,91.2 ,21.20,2663,9139,6817.8096,457.31012
Monday,10/08/2020,Y,91.5 ,21.85,2788,2246,1674.1798,110.26999
Tuesday,11/08/2020,Y,92.4 ,22.10,2788,1629,1208.26,80.16998
Wednesday,12/08/2020,N,93.2,20.70,2788,11850,8963.331,598.2202
Thursday,13/08/2020,N,92.9,21.50,2788,7461,5634.0376,383.3599
Friday,14/08/2020,N,91.8,21.70,2788,8946,6795.74,453.91003
Saturday,15/08/2020,Y,92,21.90,2788,8653,6476.058,437.5201
Sunday,16/08/2020,Y,92.75, 21.3,2788,6376,4746.85,334.61987
Monday,17/08/2020,Y,93.2 ,21.30,2825,4414,3284.2898,221.38002
Tuesday,18/08/2020,Y,94.3 ,22.00,2825,2183,1665.22,116.58998
Wednesday,19/08/2020,N,94.6,20.70,2825,8052,6046.759,404.13986
Thursday,20/08/2020,Y,93.6,21.60,2825,6233,4642.1914,316.42993
Friday,21/08/2020,Y,93.4,21.90,2825,6465,4852.0996,327.06992
Saturday,22/08/2020,Y,93.6,21.40,2825,8764,6538.059,446.86005
Sunday,23/08/2020,N,93,22.30,2825,8847,6550.589,450.51007
Monday,24/08/2020,Y,93.5 ,22.70,2774,1904,1417.7899,94.35997
Tuesday,25/08/2020,N,94.4 ,22.70,2774,1632,1211.2998,80.32
Wednesday,26/08/2020,N,94.5,22.50,2774,9887,7403.2095,494.9199
Thursday,27/08/2020,Y,94.5,22.30,2774,4933,3668.0916,251.02994
Friday,28/08/2020,Y,94.5,22.10,2774,8560,6432.83,430.87994
Saturday,29/08/2020,Y,94.1,22.80,2774,1529,1141.79,76.14
Sunday,30/08/2020,Y,94.5,21.80,2774,5540,4097.249,284.44003
Monday,31/08/2020,N,94.7 ,21.70,2682,2016,1501.17,99.600006
Tuesday,1/09/2020,Y,94.8 ,23.70,2682,1545,1160.5103,77.32998
Wednesday,2/09/2020,N,94.7,23.30,2682,7143,5391.82,352.97992
Thursday,3/09/2020,Y,95.2,23.50,2682,8787,6530.8804,443.45996
Friday,4/09/2020,Y,95.3,22.60,2682,6447,4802.5776,323.0101
Saturday,5/09/2020,Y,94.7,22.20,2682,6261,4708.5005,321.09012
Sunday,6/09/2020,N,94.9,22.00,2682,7630,5676.0815,384.95993
Monday,7/09/2020,Y,94.8 ,22.60,2730,5541,4175.13,274.42004
Tuesday,8/09/2020,N,94.7 ,22.80,2730,9665,6805.548,565.11053
Wednesday,9/09/2020,Y,95.6,22.10,2730,6438,4830.3105,322.21994
Thursday,10/09/2020,Y,95.5,22.50,2730,9804,7310.579,515.72015
Friday,11/09/2020,N,94.7,22.40,2730,9652,7296.0215,489.50995
Saturday,12/09/2020,Y,94.6,22.60,2730,10767,8109.4526,548.46
Sunday,13/09/2020,N,94.8,22.50,2730,10276,7678.3306,525.66003
Monday,14/09/2020,Y,94 ,23.00,2495,4125,3076.7798,204.45998
Tuesday,15/09/2020,Y,94.3 ,22.80,2495,1379,1016.6402,68.21999
Wednesday,16/09/2020,N,94.5,22.30,2495,7108,5379.871,362.81
Thursday,17/09/2020,N,95,22.10,2495,7179,5350.6196,361.71002
Friday,18/09/2020,N,94.3,21.70,2495,9773,7273.4424,496.28006
Saturday,19/09/2020,N,94,22.5 ,2495,9868,7425.592,510.3301
Sunday,20/09/2020,N,93.9,23.00,2495,10117,7716.479,525.75
Monday,21/09/2020,N,94 ,23.00,2648,4179,3078.2693,208.99994
Tuesday,22/09/2020,Y,94.8 ,22.70,2648,3523,2589.88,177.43997
Wednesday,23/09/2020,Y,95,21.50,2648,8761,6560.2905,444.35992
Thursday,24/09/2020,Y,95,22.3 ,2648,10626,7960.2188,547.4499
Friday,25/09/2020,N,93.8,22.00,2648,10787,8047.6,554.87
Saturday,26/09/2020,Y,93.9,22.60,2648,10141,7612.9473,520.3999
Sunday,27/09/2020,N,93.5,22.30,2648,13774,10384.036,697.05005
Monday,28/09/2020,N,93.4 ,23.00,2619,617,451.64,30.019997
Tuesday,29/09/2020,Y,94.3 ,23.60,2619,5271,3875.7695,269.24997
Wednesday,30/09/2020,Y,94.6,22.40,2619,8815,6639.6875,453.51996
Thursday,1/10/2020,N,94.3,22.10,2619,10765,8027.3477,556.50006
Friday,2/10/2020,N,93.7,21.60,2619,8714,6491.1597,443.33002
Saturday,3/10/2020,Y,93.7,22.30,2619,9297,6985.2515,479.94986
Sunday,4/10/2020,Y,93.9,21.80,2619,8890,6658.7485,446.9401
Monday,5/10/2020,N,93.7 ,22.30,2672,6123,4561.199,307.70996
Tuesday,6/10/2020,Y,94.3 ,22.50,2672,2434,1825.4103,120.84
Wednesday,7/10/2020,Y,95.1,22.40,2672,9587,7249.1616,485.94995
Thursday,8/10/2020,N,93.8 ,22.75,2672,6807,5071.7397,352.17993
Friday,9/10/2020,Y,93.8,22.55,2672,8937,6723.731,467.76996
Saturday,10/10/2020,Y,94,22.20,2672,10013,7543.981,516.1099
Sunday,11/10/2020,N,93.5,22.10,2672,9165,6851.1094,465.75
Monday,12/10/2020,Y,93.7 ,22.4 ,2741,2756,2055.4197,138.59999
Tuesday,13/10/2020,Y,94.3  ,23.00,2741,3201,2416.5598,171.48997
Wednesday,14/10/2020,Y,95,22.50,2741,6655,5007.801,341.74008
Thursday,15/10/2020,Y,94.7,22.50,2741,10018,7470.6577,515.5301
Friday,16/10/2020,N,94.5,22.60,2741,9293,6943.179,472.86002
Saturday,17/10/2020,N,94.3,22.48,2741,10327,7682.8687,518.7801
Sunday,18/10/2020,N,94.4,22.53,2741,7308,5437.401,363.7999
Monday,19/10/2020,N,96 ,21.00,2750,2378,1789.43,118.03998
Tuesday,20/10/2020,Y,96.2 ,22.60,2750,2380,1771.6003,117.11001
Wednesday,21/10/2020,Y,96,22.60,2750,10441,7714.2295,544.0399
Thursday,22/10/2020,Y,95.4,22.70,2750,10657,7898.337,550.7399
Friday,23/10/2020,N,94.7,21.90,2750,9109,6920.472,476.53
Saturday,24/10/2020,N,95.1,22.80,2750,9394,6989.6504,471.62003
Sunday,25/10/2020,Y,94.7,22.60,2750,7565,5618.9126,385.05997
Monday,26/10/2020,Y,94.2 ,22.50,2704,8578,6351.627,443.7599
Tuesday,27/10/2020,N,94.1 ,23.00,2704,3895,2884.1,194.01
Wednesday,28/10/2020,Y,94.8,22.70,2704,1828,1353.5099,89.97
Thursday,29/10/2020,Y,95.4,22.40,2704,10889,8194.713,561.91
Friday,30/10/2020,Y,94.7,22.10,2704,10331,7665.3306,529.49023
Saturday,31/10/2020,N,94.6,22.9 ,2704,9655,7077.062,499.8001
Sunday,1/11/2020,N,94.5,22.30,2704,8486,6275.379,438.32993
Monday,2/11/2020,Y,94,23.10,2632,4635,3427.4307,231.26997
Tuesday,3/11/2020,Y,95.2 ,22.60,2632,2014,1497.8004,99.58002
Wednesday,4/11/2020,N,94.7,22.10,2632,10045,7499.85,509.0099
Thursday,5/11/2020,Y,94.5,22.40,2632,9921,7416,506.45007
Friday,6/11/2020,Y,94.5,22.00,2632,9585,7118.2373,485.19006
Saturday,7/11/2020,N,94,22.40,2632,8343,6203.35,425.9899
Sunday,8/11/2020,Y,94.5,23.10,2632,8583,6416.14,434.37
Monday,9/11/2020,Y,93.8,22.10,2698,2613,1947.8599,128.98
Tuesday,10/11/2020,Y,94.5 ,22.80,2698,4281,3128.2095,213.33318
Wednesday,11/11/2020,Y,94.6,21.70,2698,11877,8913.006,607.0553
Thursday,12/11/2020,N,94.9,21.55,2698,10716,8003.454,544.91486
Friday,13/11/2020,Y,94.5,22.20,2698,10875,8211.922,557.4099
Saturday,14/11/2020,N,94,22.90,2698,11124,8236.218,562.2901
Sunday,15/11/2020,Y,94.3,21.60,2698,2208,1663.4102,108.679985
Monday,16/11/2020,Y,94.2,22.70,2654,1189,892.6499,58.1
Tuesday,17/11/2020,Y,94.6 ,22.40,2654,1358,1003.22,66.64
Wednesday,18/11/2020,N,95,21.60,2654,9831,7379.109,500.30002
Thursday,19/11/2020,Y,95,21.90,2654,8613,6406.6494,444.6999
Friday,20/11/2020,Y,94.5,22.40,2654,10009,7489.751,502.49
Saturday,21/11/2020,N,93.7,22.60,2654,12030,9014.698,611.3301
Sunday,22/11/2020,N,93.7,22.60,2654,10525,7830.201,537.78986
Monday,23/11/2020,Y,93.6,22.70,2693,2815,2081.3503,139.89998
Tuesday,24/11/2020,Y,93.8 ,22.80,2693,2098,1560.6501,103.52001
Wednesday,25/11/2020,Y,94.5,21.80,2693,8763,6521.4883,440.15
Thursday,26/11/2020,N,94.4,20.80,2693,9017,6700.1704,454.64026
Friday,27/11/2020,N,93.6,21.80,2693,12020,9014.373,603.3401
Saturday,28/11/2020,N,93.7,22.60,2693,8613,6397.6885,444.02002
Sunday,29/11/2020,Y,93.9,22.00,2693,7550,5599.158,381.63004
Monday,30/11/2020,Y,93.2,22.5 ,2754,8561,6477.67,435.7133
Tuesday,1/12/2020,Y,93.9,21.97,2754,17652,13145.121,913.50165
Wednesday,2/12/2020,N,93.9,21.83,2754,7184,5330.711,357.34988
Thursday,3/12/2020,N,93.8,21.83,2754,8148,6219.5938,417.02594
Friday,4/12/2020,N,93.7,22.00,2754,6450,4803.5605,321.37003
Saturday,5/12/2020,N,93.7,22.04,2754,5866,4375.0044,292.55304
Sunday,6/12/2020,N,95,22.00,2754,12144,9001.391,614.71326
Monday,7/12/2020,Y,95.4,22.6 ,2672,8113,6151.8193,403.30002
Tuesday,8/12/2020,N,94.6 ,22.30,2672,10068,7502.159,502.13998
Wednesday,9/12/2020,Y,94.4,22.40,2672,914,683.17,44.809998
Thursday,10/12/2020,Y,94.2,22.60,2672,2859,2119.0796,141.34998
Friday,11/12/2020,N,94.8,22.60,2672,8147,6041.281,422.35983
Saturday,12/12/2020,Y,94.6,22.50,2672,7971,5944.4404,405.0201
Sunday,13/12/2020,Y,95.1,22.30,2672,7137,5330.2485,358.92996
Monday,14/12/2020,Y,94.2,23.20,2633 ,1944,1444.6898,95.920006
Tuesday,15/12/2020,Y,95.8,21.50,2633 ,4073,3033.32,204.21005
Wednesday,16/12/2020,N,95.1,22.00,2633 ,6675,5021.6606,343.12988
Thursday,17/12/2020,Y,94.9,22.20,2633 ,8739,6537.46,439.9299
Friday,18/12/2020,N,94.7,22.60,2633 ,9448,7038.4434,482.45016
Saturday,19/12/2020,Y,94.9,22.30,2633 ,9042,6748.96,459.36
Sunday,20/12/2020,Y,94.8,22.5 ,2633 ,9084,6748.6416,462.79996
Monday,21/12/2020,N,94.6,23.10,2659 ,1320,974.3399,65.02001
Tuesday,22/12/2020,N,94.5,21.90,2659 ,27212,17596.773,1729.1993
Wednesday,23/12/2020,N,95,21.10,2659 ,10427,7800.0405,528.81006
Thursday,24/12/2020,N,94.6,21.20,2659 ,14724,11135.624,738.4703
Friday,25/12/2020,Y,94.9,21.70,2659 ,9173,6792.088,469.98004
Saturday,26/12/2020,Y,94.4,22.60,2659 ,10211,7631.833,516.17993
Sunday,27/12/2020,Y,94,23.20,2659 ,11063,8194.161,564.19006
Monday,28/12/2020,Y,94,21.90,2822 ,5116,3750.9294,258.74002
Tuesday,29/12/2020,N,95.1,21.60,2822 ,12197,9216.847,612.0499
Wednesday,30/12/2020,N,94.2,22.00,2822 ,10921,8209.388,552.31006
Thursday,31/12/2020,Y,94.3,22.50,2822 ,12157,9123.74,611.22003
Friday,1/01/2021,Y,94.6,22.40,2822 ,9212,6930.8306,463.39005
Saturday,2/01/2021,Y,93.9,22.20,2822 ,12749,9585.738,633.61
Sunday,3/01/2021,Y,94.1,22.1 ,2822 ,9670,7229.791,492.96005
Monday,4/01/2021,N,94.1,23.40,2764,2254,1670.78,111.64001
Tuesday,5/01/2021,Y,94.4,23.00,2764,1504,1119.0798,74.240005
Wednesday,6/01/2021,Y,95.3,22.10,2764,12247,9273.62,617.32
Thursday,7/01/2021,Y,95.1,21.80,2764,10090,7634.1265,508.94003
Friday,8/01/2021,N,93.9,21.80,2764,10053,7474.04,514.62994
Saturday,9/01/2021,Y,93.5,21.80,2764,9286,6889.272,467.37967
Sunday,10/01/2021,Y,94.2,21.40,2764,9043,6813.149,452.74002
Monday,11/01/2021,N,93.9,22.5 ,2658,2928,2181.36,144.29999
Tuesday,12/01/2021,Y,94.2,22.00,2658,2141,1607.7499,105.119995
Wednesday,13/01/2021,N,94.5,21.30,2658,9914,7393.982,495.73007
Thursday,14/01/2021,N,93.9,21.10,2658,12150,9185.263,604.79987
Friday,15/01/2021,Y,93.3,22.20,2658,11587,8686.066,583.31
Saturday,16/01/2021,Y,93.2,21.60,2658,11379,8496.931,565.1404
Sunday,17/01/2021,Y,93.5,21.10,2658,8495,6352.0312,420.67004
Monday,18/01/2021,N,93.5 ,23.00,2706,1863,1393.49,91.75
Tuesday,19/01/2021,Y,93.6,22.60,2706,3486,2606.94,172.77998
Wednesday,20/01/2021,N,93.5,22.80,2706,8400,6294.971,421.86005
Thursday,21/01/2021,Y,94.4,21.80,2706,10669,8005.3125,534.43
Friday,22/01/2021,N,93.4,21.40,2706,11557,8728.003,575.8801
Saturday,23/01/2021,Y,93,21.80,2706,8444,6268.5127,426.84998
Sunday,24/01/2021,N,92.5,21.10,2706,10092,7483.81,503.2999
Monday,25/01/2021,Y,92.5 ,21.50,2677,3382,2467.1707,169.95004
Tuesday,26/01/2021,Y,93.3,22.60,2677,4851,3544.5398,247.69
Wednesday,27/01/2021,N,93.7,21.50,2677,9003,6728.5933,464.89005
Thursday,28/01/2021,Y,92.9,21.90,2677,10512,7877.7983,527.07007
Friday,29/01/2021,N,93,22.40,2677,9819,7309.399,492.50986
Saturday,30/01/2021,Y,93.3,21.70,2677,10829,8047.391,548.43
Sunday,31/01/2021,N,93.1,21.30,2677,10144,7619.059,503.38995
Monday,1/02/2021,N,94,22.30,2710,11540,8553.936,581.553
Tuesday,2/02/2021,N,93.3,21.96,2710,9252,6810.1685,460.83997
Wednesday,3/02/2021,N,94,21.60,2710,5062,3766.5698,251.48999
Thursday,4/02/2021,Y,93.8,21.30,2710,8185,6144.0693,413.1699
Friday,5/02/2021,Y,93.5,21.50,2710,8300,6178.2397,415.65994
Saturday,6/02/2021,Y,93.2,21.80,2710,9012,6704.771,451.69992
Sunday,7/02/2021,N,92.7,22.00,2710,9293,6893.3286,466.41006
Monday,8/02/2021,Y,92.5,22.80,2756,2931,2153.5398,147.52003
Tuesday,9/02/2021,Y,93.8,21.60,2756,2257,1680.2198,111.159996
Wednesday,10/02/2021,N,93.4,22.00,2756,8099,6006.1987,413.13
Thursday,11/02/2021,Y,93.6,21.50,2756,8845,6570.4707,450.00003
Friday,12/02/2021,N,93.6,21.70,2756,6388,4761.3584,321.8399
Saturday,13/02/2021,Y,93.1,21.80,2756,8397,6220.9497,425.58014
Sunday,14/02/2021,N,93.6,21.6 ,2756,8943,6665.6587,449.95004
Monday,15/02/2021,Y,93.9,21.90,2744,9567,6771.1,526.0799
Tuesday,16/02/2021,Y,94.2,21.60,2744,4296,3162.8696,217.10999
Wednesday,17/02/2021,N,94.8,21.30,2744,5121,3792.4888,255.00995
Thursday,18/02/2021,Y,94.8,21.00,2744,6354,4804.8604,331.22003
Friday,19/02/2021,N,94.1,21.20,2744,7719,5898.8096,391.75998
Saturday,20/02/2021,Y,93,21.50,2744,8375,6344.008,430.96997
Sunday,21/02/2021,N,93.6,21.70,2744,7375,5624.1294,372.22006
Monday,22/02/2021,Y,93.6,22.70,2744,1826,1395.3002,91.45001
Tuesday,23/02/2021,Y,94,21.30,2744,1294,983.02997,65.96
Wednesday,24/02/2021,N,93.7,21.70,2744,7867,5994.8013,397.18994
Thursday,25/02/2021,N,93.5,21.90,2744,8038,6175.309,405.23
Friday,26/02/2021,N,94.1,21.60,2744,12215,9329.329,626.93994
Saturday,27/02/2021,Y,93,22.00,2744,9774,7385.431,511.72
Sunday,28/02/2021,Y,93.2,21.30,2744,7443,5643.321,385.77994
Monday,1/03/2021,N,93.7,21.90,2672,5886,4452.4404,298.46347
Tuesday,2/03/2021,Y,92.9,22.60,2672,2369,1787.6797,120.02
Wednesday,3/03/2021,Y,93.5,22.40,2672,6192,4772.9814,315.00006
Thursday,4/03/2021,N,93.6,21.70,2672,6179,4629.681,329.46005
Friday,5/03/2021,N,93.7,21.90,2672,9042,6825.1,472.82
Saturday,6/03/2021,Y,93.1,22.40,2672,7441,5602.681,384.59985
Sunday,7/03/2021,Y,93.1,22.30,2672,8530,6511.522,435.99994
Monday,8/03/2021,Y,93.1,22.40,2648,1740,1324,87.8
Tuesday,9/03/2021,Y,93.9,21.80,2648,3848,2952.5618,195.52031
Wednesday,10/03/2021,N,93.8,22.70,2648,1250,956.49976,62.559994
Thursday,11/03/2021,Y,93.8,22.00,2648,7967,6122.36,404.1901
Friday,12/03/2021,N,93.8,22.20,2648,9119,6979.888,463.8799
Saturday,13/03/2021,Y,93,22.60,2648,11612,8875.56,590.52
Sunday,14/03/2021,N,93.6,21.90,2648,8858,6752.8413,449.51996
Monday,15/03/2021,Y,93.2,22.60,2708,2032,1537.5898,101.919975
Tuesday,16/03/2021,Y,93.8,22.10,2708,1403,1064.33,70.17999
Wednesday,17/03/2021,N,93.8,22.00,2708,5866,4486.5205,298.72003
Thursday,18/03/2021,N,93.6,22.00,2708,6383,4852.829,333.1199
Friday,19/03/2021,Y,93.6,22.60,2708,9148,6903.995,478.40988
Saturday,20/03/2021,N,93.9,22.00,2708,8772,6634.717,454.2201
Sunday,21/03/2021,Y,94,22.50,2708,9466,7232.6904,481.01007
Monday,22/03/2021,N,94.5,23.40,2712,5863,4309.3003,299.02997
Tuesday,23/03/2021,N,93.9,21.40,2712,2935,2203.6702,149.47998
Wednesday,24/03/2021,Y,93.5,22.20,2712,4564,3488.6401,228.84
Thursday,25/03/2021,Y,94.2,22.70,2712,975,741.2099,48.95999
Friday,26/03/2021,Y,94.3,22.20,2712,4370,3331.5298,219.19002
Saturday,27/03/2021,N,94,22.50,2712,5128,3855.5598,258.96
Sunday,28/03/2021,N,94.6,22.10,2712,3323,2491.9797,166.52
Monday,29/03/2021,Y,94.5,22.30,2572,2193,1652.4799,109.990005
Tuesday,30/03/2021,Y,94.3,21.80,2572,1704,1304.32,86.880005
Wednesday,31/03/2021,N,94.4,21.80,2572,11229,8588.428,568.6599
Thursday,1/04/2021,Y,94,22.20,2572,7768,5961.29,405.73996
Friday,2/04/2021,N,94.3,21.90,2572,8485,6501.9004,433.96002
Saturday,3/04/2021,N,93.7,22.80,2572,7386,5638.0425,379.59
Sunday,4/04/2021,Y,93.8,22.10,2572,8045,6119.139,409.89996
Monday,5/04/2021,N,93.3,22.10,2630,3818,2920.8801,193.40999
Tuesday,6/04/2021,Y,94.1,22.50,2630,1323,1001.44,66.77
Wednesday,7/04/2021,Y,94.7,21.80,2630,8819,6749.8286,448.44016
Thursday,8/04/2021,N,93.3,22.50,2630,11043,8337.72,566.16986
Friday,9/04/2021,Y,93.7,22.60,2630,11932,9049.941,605.14996
Saturday,10/04/2021,Y,93.5,21.90,2630,7806,5972.5615,395.84
Sunday,11/04/2021,N,93.9,22.30,2630,8394,6382.2188,430.89993
Monday,12/04/2021,Y,93.8,23.00,2626,2114,1598.4298,105.97
Tuesday,13/04/2021,Y,94.4,22.60,2626,1434,1089.83,71.76001
Wednesday,14/04/2021,N,94.2,22.30,2626,11614,8915.307,601.0797
Thursday,15/04/2021,N,93.7,22.60,2626,8335,6337.752,423.66992
Friday,16/04/2021,Y,93.6,22.80,2626,8883,6752.5303,454.64975
Saturday,17/04/2021,N,93.6,21.90,2626,13428,10364.455,676.3901
Sunday,18/04/2021,N,93.2,21.60,2626,13039,10125.445,679.17365
Monday,19/04/2021,Y,92.3,22.70,2772,2739,2061.3,137.33
Tuesday,20/04/2021,Y,92.7,22.70,2772,2213,1672.1299,111.77003
Wednesday,21/04/2021,N,93.6,21.50,2772,11063,8570.971,568.3601
Thursday,22/04/2021,N,93.1,21.90,2772,14725,11357.76,755.62006
Friday,23/04/2021,Y,92.9,22.30,2772,10326,7749.2705,555.49994
Saturday,24/04/2021,N,93.2,21.80,2772,12666,9679.4795,658.29004
Sunday,25/04/2021,N,93,22.30,2772,12123,9336.87,631.72
Monday,26/04/2021,Y,92.5,23.40,2695,4962,3784.3494,250.35004
Tuesday,27/04/2021,N,93.6,23.10,2695,2366,1793.7197,118.99999
Wednesday,28/04/2021,Y,93.6,22.50,2695,10932,8317.568,575.4599
Thursday,29/04/2021,Y,93.2,22.20,2695,12834,9769.7295,664.50964
Friday,30/04/2021,N,92.7,21.90,2695,7428,5702.888,389.7599
Saturday,1/05/2021,Y,92.3,22.30,2695,7540,5737.457,393.26007
Sunday,2/05/2021,N,92.6,21.60,2695,8969,6778.9106,473.13992
Monday,3/05/2021,N,93,23.10,2736,6302,4753.9697,327.86987
Tuesday,4/05/2021,Y,92.8,23.30,2736,852,642.58997,42.589996
Wednesday,5/05/2021,Y,93.6,22.50,2736,6996,5288.5815,362.8099
Thursday,6/05/2021,N,93.8,22.20,2736,10789,8204.712,564.09
Friday,7/05/2021,N,93.2,23.10,2736,9235,6980.1294,485.0499
Saturday,8/05/2021,Y,93.7,22.10,2736,8215,6251.129,433.56
Sunday,9/05/2021,Y,93.2,22.00,2736,10567,8008.4385,543.24
Monday,10/05/2021,Y,93.4,23.00,2658,2277,1712.0697,114.44
Tuesday,11/05/2021,Y,93.5,23.00,2658,3601,2693.51,184.99005
Wednesday,12/05/2021,N,94,23.20,2658,10248,7768.8,530.42
Thursday,13/05/2021,Y,94,23.00,2658,8384,6402.5186,430.90985
Friday,14/05/2021,N,93.7,22.10,2658,9854,7463.2793,522.82
Saturday,15/05/2021,Y,93.2,22.30,2658,9140,6992.71,486.77026
Sunday,16/05/2021,N,93.7,21.80,2658,8616,6581.729,442.0899
Monday,17/05/2021,Y,93.1,22.30,2732,2323,1777.7401,117.03999
Tuesday,18/05/2021,Y,92.7,23.00,2732,4415,3337.06,221.79001
Wednesday,19/05/2021,N,94,21.50,2732,7899,6041.862,419.28003
Thursday,20/05/2021,Y,93.4,22.80,2732,7659,5828.041,409.45007
Friday,21/05/2021,N,93.6,21.90,2732,8253,6270.27,438.81998
Saturday,22/05/2021,N,93.5,22.30,2732,6459,4862.9893,339.28995
Sunday,23/05/2021,Y,93.9,22.40,2732,6667,5035.9624,351.15005
Monday,24/05/2021,N,93,22.80,2846,10612,7982.0806,569.5499
Tuesday,25/05/2021,Y,93.4,22.90,2846,1516,1142.12,76.359985
Wednesday,26/05/2021,Y,94.2,22.70,2846,1834,1379.3398,92.51999
Thursday,27/05/2021,N,94.7,21.60,2846,7740,5778.34,414.20987
Friday,28/05/2021,Y,94.6,22.00,2846,7517,5686.1606,395.54004
Saturday,29/05/2021,N,94.7,23.00,2846,7166,5423.8916,374.46994
Sunday,30/05/2021,Y,94,23.00,2846,7814,5934.319,403.07996
Monday,31/05/2021,N,94.1,23.50,2846,2433,1835.3899,123.99001
Tuesday,1/06/2021,Y,94,23.60,2846,1033,791.57007,51.75
Wednesday,2/06/2021,Y,94.7,22.80,2846,7947,5976.6206,420.81998
Thursday,3/06/2021,Y,94.5,22.40,2846,9799,7393.5576,519.8899
Friday,4/06/2021,N,94.6,22.30,2846,8304,6276.1904,430.85995
Saturday,5/06/2021,Y,95.1,22.30,2846,10441,7853.0103,551.95984
Sunday,6/06/2021,N,94.6,23.00,2846,14857,11235.597,770.36975
Monday,7/06/2021,Y,94.5,23.20,2721 ,1338,1025.6001,67.02999
Tuesday,8/06/2021,Y,94.7,23.50,2721 ,2352,1786.6797,118.17001
Wednesday,9/06/2021,N,95,21.90,2721 ,8675,6538.1406,453.01974
Thursday,10/06/2021,N,95,23.20,2721 ,6860,5146.0806,366.57993
Friday,11/06/2021,Y,95.1,22.80,2721 ,7936,5974.0596,415.88983
Saturday,12/06/2021,N,94.9,22.50,2721 ,8540,6484.719,454.82983
Sunday,13/06/2021,N,95.4,23.00,2721 ,6638,4936.069,352.25
Monday,14/06/2021,Y,94.6,24.00,2677,4404,3317.3733,222.64168
Tuesday,15/06/2021,Y,95.3,22.90,2677,1730,1317.8403,87.38
Wednesday,16/06/2021,N,95.7,22.10,2677,5526,4126.5903,293.86002
Thursday,17/06/2021,Y,95.3,23.40,2677,8644,6449.208,464.3999
Friday,18/06/2021,N,94.7,23.50,2677,8599,6505.1406,450.28986
Saturday,19/06/2021,N,94.9,24.00,2677,6171,4633.681,325.93002
Sunday,20/06/2021,Y,94.8,22.50,2677,9717,7277.529,520.56
Monday,21/06/2021,Y,94.2,23.80,2700,2057,1570.7001,103.45003
Tuesday,22/06/2021,N,94.2,23.80,2700,592,451.06998,29.689999
Wednesday,23/06/2021,Y,94.2,23.60,2700,8050,6077.3296,428.70993
Thursday,24/06/2021,Y,94.9,22.50,2700,8818,6649.568,463.81
Friday,25/06/2021,N,95,23.00,2700,6233,4659.349,325.6599
Saturday,26/06/2021,Y,94.9,24.90,2700,1885,1428.6201,95.04002
Sunday,27/06/2021,N,95.4,24.60,2700,3619,2742.1406,187.30997
Monday,28/06/2021,Y,95,23.70,2587,2635,2012.2,132.68999
Tuesday,29/06/2021,Y,95.5,24.30,2587,1759,1338.8201,88.409996
Wednesday,30/06/2021,N,95.5,23.80,2587,7214,5404.5083,375.23007
Thursday,1/07/2021,N,95.3,24.00,2587,7110,5325.4404,373.65012
Friday,2/07/2021,Y,95.1,23.60,2587,7668,5755.121,406.53
Saturday,3/07/2021,N,95.2,22.30,2587,5877,4426.0693,308.48004
Sunday,4/07/2021,Y,94,24.00,2587,754,571.38995,37.86
Monday,5/07/2021,N,94.5,24.60,2591,1785,1357.2596,90.1
Tuesday,6/07/2021,Y,95.1,24.50,2591,3066,2353.68,153.68002
Wednesday,7/07/2021,Y,95.5,23.20,2591,6919,5276.721,360.82013
Thursday,8/07/2021,N,95.5,23.00,2591,7437,5593.9404,388.18
Friday,9/07/2021,N,95.6,22.40,2591,7384,5578.4404,383.86005
Saturday,10/07/2021,Y,95.7,22.60,2591,4758,3571.9297,248.73004
Sunday,11/07/2021,Y,95.5,23.00,2591,8027,6082.179,421.3599
Monday,12/07/2021,N,95,23.60,2557,3656,2747.77,193.93001
Tuesday,13/07/2021,Y,94.6,24.50,2557,2750,2137.1199,139.10002
Wednesday,14/07/2021,Y,95.5,23.10,2557,1176,892.98004,59.04
Thursday,15/07/2021,N,95.2,22.00,2557,1808,1374.33,90.349976
Friday,16/07/2021,N,95.5,23.40,2557,7365,5655.7227,381.7033
Saturday,17/07/2021,Y,95.2,22.30,2557,6720,5064.4395,350.67
Sunday,18/07/2021,Y,95.1,23.30,2557,6950,5262.889,363.13992
Monday,19/07/2021,N,94.2,23.50,2496,6966,5257.6523,367.26996
Tuesday,20/07/2021,N,94.4,24.00,2496,6167,4635.581,318.81995
Wednesday,21/07/2021,Y,95,22.30,2496,5253,3940.3699,269.93
Thursday,22/07/2021,N,95,22.90,2496,8915,6709.5684,476.09003
Friday,23/07/2021,Y,94.5,22.50,2496,8515,6473.8384,451.61002
Saturday,24/07/2021,N,94.7,23.00,2496,10655,8088.2383,548.0599
Sunday,25/07/2021,Y,94.3,23.50,2496,6094,4600.3105,318.43997
Monday,26/07/2021,N,95,23.00,2631,7199,5440.4067,366.40994
Tuesday,27/07/2021,N,94.7,23.03,2631,9810,7447.3584,505.7799
Wednesday,28/07/2021,N,95,23.30,2631,4876,3663.8,253.84998
Thursday,29/07/2021,Y,95.5,23.80,2631,8815,6714.3193,458.52
Friday,30/07/2021,Y,94.8,23.00,2631,7473,5619.9688,397.5901
Saturday,31/07/2021,N,94.3,24.30,2631,7007,5257.431,366.7
Sunday,1/08/2021,N,95.6,22.60,2631,6835,5148.4307,364.45016
Monday,2/08/2021,Y,95,24.00,2612,3265,2460.1807,170.70001
Tuesday,3/08/2021,Y,95,23.90,2612,2285,1714.6797,117.23001
Wednesday,4/08/2021,N,95.4,23.80,2612,9918,7536.1504,500.35013
Thursday,5/08/2021,Y,95.1,23.60,2612,2098,1599.6,105.61999
Friday,6/08/2021,N,95.1,23.50,2612,4622,3478.8196,252.78998
Saturday,7/08/2021,Y,95.1,23.40,2612,6234,4715.7593,318.59015
Sunday,8/08/2021,N,95,22.90,2612,5836,4374.5103,303.5201
Monday,9/08/2021,Y,95,23.60,2557,2090,1547.75,115.78997
Tuesday,10/08/2021,Y,95.1,23.40,2557,1919,1440.1102,96.31001
Wednesday,11/08/2021,N,95.5,23.40,2557,7462,5625.5,387.45004
Thursday,12/08/2021,Y,95.1,23.70,2557,5826,4418.47,301.1501
Friday,13/08/2021,N,95.5,22.70,2557,8276,6235.9897,429.16003
Saturday,14/08/2021,Y,95.1,22.80,2557,792,602.32007,39.859997
Sunday,15/08/2021,N,95.2,23.00,2557,3146,2346.28,158.04001
Monday,16/08/2021,Y,95.1,23.80,2557,537,405.8,26.889997
Tuesday,17/08/2021,N,95.2,24.40,2557,249,192.29001,12.83
Wednesday,18/08/2021,N,95.9,25.90,2557,320,247.84001,15.950002
Thursday,19/08/2021,N,95.7,24.30,2557,290,218.57002,14.760001
Friday,20/08/2021,N,96,25.00,2557,1807,1365.6205,90.58001
Saturday,21/08/2021,N,95.6,23.40,2557,3866,2931.0708,198.59003
Sunday,22/08/2021,N,95.8,22.30,2557,3720,2808.071,195.07
Monday,23/08/2021,N,96,23.20,2403,338,257.71,17.1
Tuesday,24/08/2021,N,96,23.40,2403,531,401.8799,26.67
Wednesday,25/08/2021,N,95.5,23.60,2403,1469,1120.5602,74.450005
Thursday,26/08/2021,N,95.6,23.00,2403,2596,1956.5602,134.81003
Friday,27/08/2021,N,95.8,23.60,2403,4027,3048.1997,203.96997
Saturday,28/08/2021,N,96.2,22.70,2403,8480,6393.461,443.25977
Sunday,29/08/2021,N,96.3,23.20,2403,3372,2536.6106,177.21997
Monday,30/08/2021,N,95.2,24.30,2456,553,415.17993,27.819998
Tuesday,31/08/2021,N,95.5,25.00,2456,1457,1109.0898,72.700005
Wednesday,1/09/2021,N,95.7,23.40,2456,7983,6090.6084,414.23993
Thursday,2/09/2021,N,96,23.10,2456,7784,5889.2085,407.66977
Friday,3/09/2021,N,96.4,23.50,2456,2102,1561.3301,114.77997
Saturday,4/09/2021,N,96,23.20,2456,1911,1433.3198,106.08999
Sunday,5/09/2021,N,96.3,23.10,2456,2355,1758.98,131.91
Monday,6/09/2021,N,95.6,24.50,2494,491,372.43005,25.53
Tuesday,7/09/2021,N,95.3,24.10,2494,1501,1128.5497,77.54
Wednesday,8/09/2021,Y,95.9,23.50,2494,3130,2415.7104,173.2
Thursday,9/09/2021,Y,96,23.60,2494,2993,2217.4702,164.64005
Friday,10/09/2021,N,96,23.20,2494,4070,3034.3801,218.45995
Saturday,11/09/2021,N,95.6,23.60,2494,3470,2569.3508,185.87003
Sunday,12/09/2021,Y,95.2,24.00,2494,661,501.73007,34.000004
Monday,13/09/2021,Y,96.5,24.00,2494,1956,1483.4401,100.70999
Tuesday,14/09/2021,Y,96.3,24.00,2494,504,376.36002,26.300005
Wednesday,15/09/2021,N,96.6,23.60,2494,4732,3550.2197,263.69003
Thursday,16/09/2021,N,96,23.80,2494,8286,6293.6396,437.89008
Friday,17/09/2021,Y,96,23.80,2494,6225,4765.469,322.39996
Saturday,18/09/2021,Y,95.8,23.50,2494,5546,4201.591,449.70004
Sunday,19/09/2021,N,95.8,23.40,2494,5100,3891.608,263.494
Monday,20/09/2021,N,96.2,23.70,2604,4054,3073.51,207.91003
Tuesday,21/09/2021,Y,96.7,24.90,2604,1815,1392.3599,94.579994
Wednesday,22/09/2021,Y,97,23.80,2604,6006,4552.592,320.23996
Thursday,23/09/2021,N,96.6,24.10,2604,4903,3665.7896,265.99
Friday,24/09/2021,Y,97.6,23.20,2604,8218,6193.7397,447.0801
Saturday,25/09/2021,Y,97,22.50,2604,6127,4665.9805,336.43005
Sunday,26/09/2021,N,96.6,23.80,2604,6565,4938.5513,357.33
Monday,27/09/2021,Y,96.6,23.90,2494,2682,2036.9702,137.07999
Tuesday,28/09/2021,Y,97.2,23.90,2494,1229,965.1802,70.16
Wednesday,29/09/2021,N,97.2,23.60,2494,13351,10259.126,702.30286
Thursday,30/09/2021,Y,96.6,23.80,2494,6008,4573.68,327.46
Friday,1/10/2021,Y,96.5,24.00,2494,6649,5041.89,358.08008
Saturday,2/10/2021,N,96.4,22.90,2494,11554,8767.118,609.3001
Sunday,3/10/2021,N,95.8,23.70,2494,5011,3836.4492,253.54001
Monday,4/10/2021,Y,96.2,24.00,2494,1839,1389.5101,94.74
Tuesday,5/10/2021,Y,97,24.00,2494,9024,6976.8687,466.6815
Wednesday,6/10/2021,N,97.1,22.50,2494,11360,8647.726,601.2461
Thursday,7/10/2021,Y,96.8,23.60,2494,9616,7263.3276,518.11993
Friday,8/10/2021,N,96.7,23.40,2494,6936,5254.751,383.53998
Saturday,9/10/2021,Y,97,23.50,2494,7725,5809.3906,421.89008
Sunday,10/10/2021,N,96.5,24.20,2494,10221,7775.958,525.82935
Monday,11/10/2021,N,96.4,24.90,2663,14344,10855.117,750.88696
Tuesday,12/10/2021,N,96.8,23.73,2663,9900,7582.7383,500.74786
Wednesday,13/10/2021,N,96.7,24.10,2663,7332,5584.7466,375.3014
Thursday,14/10/2021,Y,96.7,24.00,2663,7205,5445.4316,384.93985
Friday,15/10/2021,Y,96.9,23.90,2663,6496,4920.0796,358.28995
Saturday,16/10/2021,Y,97.3,23.40,2663,6877,5131.332,363.2999
Sunday,17/10/2021,N,97.5,23.20,2663,5664,4208.5205,308.08002
Monday,18/10/2021,N,97.6,23.20,2591,3789,2837.5593,202.16003
Tuesday,19/10/2021,Y,98,23.90,2591,1780,1351.1001,91.82001
Wednesday,20/10/2021,Y,97.8,23.60,2591,3944,2960.8108,215.18007
Thursday,21/10/2021,Y,97.9,24.50,2591,5640,4248.3706,296.38
Friday,22/10/2021,N,97.9,24.00,2591,13703,10369.173,713.7773
Saturday,23/10/2021,N,97.5,24.30,2591,12870,9779.885,670.72437
Sunday,24/10/2021,Y,97.3,24.00,2591,6280,4737.2,332.62994
Monday,25/10/2021,N,97.2,23.40,2525,7149,5353.2773,374.12613
Tuesday,26/10/2021,Y,97,23.40,2525,1523,1179.27,78.00001
Wednesday,27/10/2021,N,97.8,22.70,2525,8560,6495.7314,452.29
Thursday,28/10/2021,Y,97.8,23.20,2525,7229,5422.0405,384.97015
Friday,29/10/2021,Y,98.5,23.20,2525,9852,7438.969,515.91785
Saturday,30/10/2021,N,97.5,24.00,2525,7082,5405.2197,365.04
Sunday,31/10/2021,Y,97.5,24.20,2525,5911,4528.5312,302.95004
Monday,1/11/2021,Y,97.8,24.40,2525,8848,6803.234,457.48
Tuesday,2/11/2021,N,97.3,24.70,2525,357,270.75998,18.490002
Wednesday,3/11/2021,Y,97.7,24.00,2525,11502,8769.612,621.15045
Thursday,4/11/2021,Y,97.7,25.00,2525,7045,5336.849,379.00012
Friday,5/11/2021,N,97.8,23.30,2525,14472,11027.019,755.17096
Saturday,6/11/2021,Y,97.8,23.70,2525,10078,7575.4263,526.0528
Sunday,7/11/2021,N,97.3,24.00,2525,2506,1958.7803,136.49998
Monday,8/11/2021,Y,96.6,24.50,2547,8866,6849.5786,458.23828
Tuesday,9/11/2021,Y,97,23.80,2547,8585,6684.8535,448.81165
Wednesday,10/11/2021,N,97.8,23.20,2547,8731,6467.021,462.20392
Thursday,11/11/2021,N,97.6,23.20,2547,11504,8811.583,601.14246
Friday,12/11/2021,Y,97.5,23.60,2547,14079,10625.956,750.98285
Saturday,13/11/2021,Y,96.8,23.80,2547,5809,4338.268,312.98
Sunday,14/11/2021,N,96.9,23.80,2547,8218,6355.0713,419.60602
Monday,15/11/2021,Y,96.5,24.20,2543,8775,6674.5312,460.10342
Tuesday,16/11/2021,Y,96.8,24.30,2543,9150,7084.997,468.54535
Wednesday,17/11/2021,N,97,23.60,2543,10476,7982.4087,577.9991
Thursday,18/11/2021,Y,97.1,23.90,2543,14272,10944.8,754.2634
Friday,19/11/2021,N,97.1,23.40,2543,11406,8627.168,600.2648
Saturday,20/11/2021,Y,96.8,23.50,2543,7593,5732.1016,401.95
Sunday,21/11/2021,N,96.4,24.50,2543,8682,6641.688,447.7533
Monday,22/11/2021,N,97,22.20,2604,6408,4891.6235,325.43082
Tuesday,23/11/2021,Y,96.2,23.80,2604,9628,7357.9487,503.7813
Wednesday,24/11/2021,Y,96.5,23.50,2604,11002,8308.93,584.382
Thursday,25/11/2021,N,96.5,23.10,2604,10365,7920.5444,554.1917
Friday,26/11/2021,Y,97.2,22.60,2604,8584,6522.89,470.51004
Saturday,27/11/2021,Y,96.4,22.90,2604,7681,5889.201,426.92004
Sunday,28/11/2021,N,96.4,23.90,2604,9814,7439.273,531.5899
Monday,29/11/2021,Y,95.1,23.40,2576,8511,6553.6763,436.84995
Tuesday,30/11/2021,Y,96.1,24.00,2576,9160,6954.856,468.8297
Wednesday,1/12/2021,N,96.7,22.10,2576,13044,9984.607,710.0521
Thursday,2/12/2021,Y,96.6,22.40,2576,9426,7124.2207,502.30997
Friday,3/12/2021,N,96.5,24.40,2576,8900,6384.6465,492.46936
Saturday,4/12/2021,Y,96.6,23.00,2576,2450,1875.8896,131.00002
Sunday,5/12/2021,N,97.3,23.30,2576,6118,4648.529,313.33005
Monday,6/12/2021,N,96.4,23.23,2551,8809,6505.5303,476.32004
Tuesday,7/12/2021,N,97.3,22.50,2551,17282,12759.482,912.9983
Wednesday,8/12/2021,N,97,22.70,2551,4690,3537.8286,239.15062
Thursday,9/12/2021,Y,96.8,22.80,2551,9424,7053.6187,507.89008
Friday,10/12/2021,N,96.7,22.40,2551,8079,6118.361,431.39
Saturday,11/12/2021,Y,97.1,22.50,2551,5312,3979.7698,282.93997
Sunday,12/12/2021,Y,96.4,23.20,2551,6611,4969.428,350.18005
Monday,13/12/2021,N,95.9,24.60,2521,2760,2017.9203,155.20999
Tuesday,14/12/2021,Y,96.1,23.80,2521,3661,2753.8896,198.98999
Wednesday,15/12/2021,N,96.6,23.20,2521,5621,4131.9316,307.94
Thursday,16/12/2021,Y,96.6,23.60,2521,5162,3844.6802,278.21994
Friday,17/12/2021,Y,96.6,23.70,2521,6740,5071.5986,361.98993
Saturday,18/12/2021,N,95.8,23.80,2521,6349,4792.07,338.25006
Sunday,19/12/2021,Y,95.4,23.80,2521,1936,1469.9202,100.71999
Monday,20/12/2021,Y,95.6,23.70,2584,1909,1443.2999,98.69999
Tuesday,21/12/2021,Y,95.9,23.60,2584,1152,873.3701,60.170002
Wednesday,22/12/2021,N,95.5,23.70,2584,6023,4495.3,331.81012
Thursday,23/12/2021,Y,96.3,23.80,2584,6062,4555.78,324.29993
Friday,24/12/2021,N,96.4,23.90,2584,7091,5347.1606,369.3701
Saturday,25/12/2021,Y,96.7,22.80,2584,8817,6626.5996,461.70984
Sunday,26/12/2021,N,96.3,23.40,2584,6687,4994.46,361.9299
Monday,27/12/2021,Y,96,23.70,2587,5359,4041.5403,275.59006
Tuesday,28/12/2021,Y,96.2,23.70,2587,3012,2274.3499,155.76001
Wednesday,29/12/2021,N,96.7,23.40,2587,10049,7693.929,538.35
Thursday,30/12/2021,N,96.3,23.70,2587,10084,7739.8784,525.51025
Friday,31/12/2021,N,96.1,23.80,2587,14040,10670.237,732.7598
Saturday,1/01/2022,N,96.1,22.70,2587,10348,7926.749,538.87
Sunday,2/01/2022,N,95.3,22.30,2587,12185,9295.211,632.73004
Monday,3/01/2022,Y,95.1,23.70,2584,2561,1908.5303,143.04
Tuesday,4/01/2022,Y,94.6,23.00,2584,1888,1440.17,96.950005
Wednesday,5/01/2022,N,95.6,22.40,2584,8152,6068.9277,455.27005
Thursday,6/01/2022,Y,95.9,22.80,2584,7284,5527.8003,384.25992
Friday,7/01/2022,N,95.2,23.40,2584,12385,9347.611,654.4198
Saturday,8/01/2022,N,95.6,22.90,2584,9306,7000.041,485.77002
Sunday,9/01/2022,Y,95.2,23.20,2584,6600,4998.82,344.27008
Monday,10/01/2022,N,95,22.80,2651,5063,3780.7595,266.65997
Tuesday,11/01/2022,Y,96,22.70,2651,3189,2439.7104,169.01997
Wednesday,12/01/2022,N,96,22.90,2651,12117,9185.232,643.6402
Thursday,13/01/2022,N,95.4,23.70,2651,10252,7700.32,551.51984
Friday,14/01/2022,N,95.5,23.80,2651,9106,6884.2896,484.44025
Saturday,15/01/2022,Y,95.5,23.50,2651,11697,8861.01,615.2
Sunday,16/01/2022,N,94.8,23.30,2651,12812,9763.151,675.9298
Monday,17/01/2022,Y,95.1,22.20,2599,4716,3616.68,240.42001
Tuesday,18/01/2022,N,95.8,23.10,2599,15000,11295.102,788.4591
Wednesday,19/01/2022,Y,95.8,22.80,2599,9211,7023.169,479.95007
Thursday,20/01/2022,Y,95.4,23.80,2599,11442,8671.513,605.57007
Friday,21/01/2022,N,94.8,23.10,2599,9853,7506.5483,509.75
Saturday,22/01/2022,N,95.8,22.30,2599,8553,6542.5103,445.77
Sunday,23/01/2022,Y,95.8,23.30,2599,10957,8342.439,573.13
Monday,24/01/2022,N,94.5,23.60,2511,2188,1695.0802,114.05
Tuesday,25/01/2022,Y,94.5,23.90,2511,2207,1706.0299,118.219986
Wednesday,26/01/2022,Y,95.4,23.20,2511,7104,5358.6616,372.95996
Thursday,27/01/2022,N,95,23.30,2511,7383,5624.2876,382.78998
Friday,28/01/2022,Y,95.4,23.10,2511,11100,8402.951,579.79
Saturday,29/01/2022,Y,95,22.80,2511,10833,8209.421,566.05994
Sunday,30/01/2022,N,94.7,22.40,2511,7455,5678.749,393.94998
Monday,31/01/2022,Y,94.2,22.30,2559,3600,2685.1902,196.99997
Tuesday,1/02/2022,Y,94.6,22.90,2559,845,650.25006,44.84
Wednesday,2/02/2022,N,95.6,21.90,2559,11351,8600.061,595.83997
Thursday,3/02/2022,N,95,23.70,2559,10960,8288.384,564.4199
Friday,4/02/2022,Y,94.6,23.60,2559,9599,7381.071,511.28006
Saturday,5/02/2022,Y,94.4,22.90,2559,6412,4886.591,333.52002
Sunday,6/02/2022,N,95,23.00,2559,8763,6695.5635,456.85
Monday,7/02/2022,Y,94.4,22.30,2583,1920,1473.2192,99.78
Tuesday,8/02/2022,N,95.3,23.40,2583,3931,3007.1895,201.05995
Wednesday,9/02/2022,Y,95.5,22.80,2583,8118,6178.709,418.7699
Thursday,10/02/2022,Y,94.8,22.80,2583,7572,5717.71,400.77005
Friday,11/02/2022,N,95.3,22.20,2583,8748,6652.37,452.84003
Saturday,12/02/2022,N,95.6,22.90,2583,8022,6152.1396,422.91995
Sunday,13/02/2022,Y,94.7,23.70,2583,938,715.68005,49.35
Monday,14/02/2022,N,95,23.70,2590,14083,10844.565,722.78937
Tuesday,15/02/2022,Y,95,23.10,2590,2814,2152.6,145.22998
Wednesday,16/02/2022,Y,96.1,22.70,2590,4924,3700.5894,258.14005
Thursday,17/02/2022,N,96,21.40,2590,9680,7311.071,519.2901
Friday,18/02/2022,Y,95.7,23.40,2590,6170,4649.51,324.3699
Saturday,19/02/2022,N,95.9,23.30,2590,5813,4426.37,303.30994
Sunday,20/02/2022,N,95.4,23.90,2590,1730,1326.8704,88.850006
Monday,21/02/2022,N,95.6,23.10,2518,8086,6028.7295,430.26004
Tuesday,22/02/2022,Y,95,23.80,2518,740,563.24,38.039997
Wednesday,23/02/2022,Y,96.5,23.30,2518,6287,4741.2905,335.79
Thursday,24/02/2022,N,95.7,22.90,2518,12350,9391.699,656.99
Friday,25/02/2022,Y,95.3,23.40,2518,6540,4978.039,351.23996
Saturday,26/02/2022,Y,95.3,23.70,2518,7178,5480.4985,370.34
Sunday,27/02/2022,N,95.2,23.60,2518,9202,6742.855,487.94333
Monday,28/02/2022,Y,95.1,23.10,2518,2604,2009.2101,133.64996
Tuesday,1/03/2022,N,95.7,22.90,2518,3291,2420.3103,176.43999
Wednesday,2/03/2022,Y,95.9,22.90,2518,6261,4733.7183,327.70004
Thursday,3/03/2022,Y,95.9,23.20,2518,7559,5753.0103,400.9099
Friday,4/03/2022,N,95.8,23.10,2518,12884,12540.338,1151.81
Saturday,5/03/2022,N,95.8,22.60,2518,3886,2962.3303,201.09
Sunday,6/03/2022,Y,95.6,23.20,2518,4093,3147.8098,209.88004
Monday,7/03/2022,Y,95.5,22.80,2583,2157,1649.2102,110.899994
Tuesday,8/03/2022,Y,95,22.70,2583,1566,1208.5603,81.72002
Wednesday,9/03/2022,N,95.5,23.00,2583,5928,4498.68,314.96002
Thursday,10/03/2022,Y,95.4,23.50,2583,8180,6163.48,434.03995
Friday,11/03/2022,N,95.5,22.80,2583,6743,5048.27,359.8699
Saturday,12/03/2022,N,95.1,23.60,2583,6653,5052.66,352.75995
Sunday,13/03/2022,N,95.4,22.70,2583,7782,5916.2207,409.95993
Monday,14/03/2022,Y,95.4,23.00,2519,4182,3167.85,215.15
Tuesday,15/03/2022,Y,95.4,23.00,2519,875,661.57,44.91
Wednesday,16/03/2022,N,95.5,23.80,2519,5878,4466.559,307.34
Thursday,17/03/2022,Y,96.1,23.10,2519,3871,2932.8398,206.05005
Friday,18/03/2022,Y,95.8,22.90,2519,5148,3890.8613,269.34003
Saturday,19/03/2022,N,95.2,23.50,2519,5288,3989.57,281.83002
Sunday,20/03/2022,N,95.4,23.00,2519,7763,5818.181,414.11035
Monday,21/03/2022,N,95.7,23.50,2399,21422,14798.222,1290.9532
Tuesday,22/03/2022,Y,95.7,22.70,2399,2790,2109.4001,143.44998
Wednesday,23/03/2022,N,95.6,23.40,2399,4851,3602.9097,265.9
Thursday,24/03/2022,Y,95.4,23.40,2399,5818,4392.2188,308.11005
Friday,25/03/2022,Y,95.5,23.40,2399,6350,4755.96,342.61005
Saturday,26/03/2022,N,95.5,22.40,2399,5741,4325.9897,300.61005
Sunday,27/03/2022,Y,95.2,23.20,2399,9623,7296.5996,502.24023
Monday,28/03/2022,Y,95.2,22.50,2430,3553,2679.22,181.97
Tuesday,29/03/2022,N,95.8,24.40,2430,1259,960.3999,64.72
Wednesday,30/03/2022,Y,95.5,24.20,2430,6325,4705.7905,345.92987
Thursday,31/03/2022,Y,96.1,23.20,2430,4433,3278.6406,244.48997
Friday,1/04/2022,N,95.6,23.10,2430,5005,3739.3499,264.78992
Saturday,2/04/2022,N,95,24.00,2430,1829,1400.2999,93.66
Sunday,3/04/2022,Y,95.5,23.80,2430,1186,894.66,61.1
Monday,4/04/2022,Y,95.9,23.50,2343,2309,1737.82,119.02
Tuesday,5/04/2022,N,95.5,23.60,2343,395,300.75003,20.6
Wednesday,6/04/2022,Y,95.8,23.40,2343,6541,4991.117,339.79993
Thursday,7/04/2022,N,95.8,23.20,2343,5498,4145.281,292.79004
Friday,8/04/2022,Y,95.3,23.70,2343,4469,3341.2297,241.92004
Saturday,9/04/2022,N,95.6,23.60,2343,6176,4586.5986,330.52
Sunday,10/04/2022,N,95.2,24.00,2343,3607,2735.2903,182.74002
Monday,11/04/2022,Y,95.1,24.00,2308,1359,1018.5102,72.05
Tuesday,12/04/2022,Y,95.5,24.10,2308,2993,2269.4102,154.39003
Wednesday,13/04/2022,N,95.6,24.20,2308,1290,984.0499,65.520004
Thursday,14/04/2022,N,95.6,24.60,2308,1351,1033.2098,69.43
Friday,15/04/2022,Y,95.7,23.80,2308,1214,931.3598,65.100006
Saturday,16/04/2022,Y,96.4,24.50,2308,1966,1488.3195,102.26001
Sunday,17/04/2022,Y,96.6,23.80,2308,2882,2151.9697,157.45996
Monday,18/04/2022,N,96.3,23.40,2300,2349,1757.0504,129.51
Tuesday,19/04/2022,Y,96.3,25.80,2300,3251,2498.97,167.89996
Wednesday,20/04/2022,Y,95.5,24.50,2300,1648,1256.3398,85.32001
Thursday,21/04/2022,Y,95.7,23.90,2300,3937,2989.18,201.38
Friday,22/04/2022,N,96,23.60,2300,2249,1724.6101,119.98
Saturday,23/04/2022,Y,95.6,23.80,2300,1091,831.20013,56.450005
Sunday,24/04/2022,Y,96,23.70,2300,1475,1123.76,76.58002
Monday,25/04/2022,Y,96.3,24.30,2335,1570,1203.5199,80.880005
Tuesday,26/04/2022,N,96.2,24.00,2335,2058,1557.01,106.05999
Wednesday,27/04/2022,Y,95.5,24.30,2335,1874,1451.2498,99.63002
Thursday,28/04/2022,Y,95.6,24.40,2335,2552,1906.7198,136.39001
Friday,29/04/2022,N,95.5,24.40,2335,1480,1127.9102,77.039986
Saturday,30/04/2022,Y,95.8,24.20,2335,1843,1405.64,94.49999
Sunday,1/05/2022,Y,95.6,23.50,2335,3407,2590.5696,183.25002
Monday,2/05/2022,N,95.5,24.40,2399,7831,5901.6074,403.18997
Tuesday,3/05/2022,N,95.7,24.17,2399,6595,5018.8853,337.88846
Wednesday,4/05/2022,Y,95.9,23.40,2399,4497,3398.91,235.63995
Thursday,5/05/2022,Y,96.3,23.40,2399,2140,1630.96,114.659996
Friday,6/05/2022,N,96,23.55,2399,2493,1872.4299,130.52002
Saturday,7/05/2022,Y,96,23.90,2399,2169,1637.32,112.16999
Sunday,8/05/2022,Y,96.4,22.80,2399,3975,3034.2908,208.3
Monday,9/05/2022,N,96,24.50,2332,2229,1677.44,115.55998
Tuesday,10/05/2022,Y,96.2,23.20,2332,2251,1701.2802,116.810005
Wednesday,11/05/2022,Y,96.5,23.20,2332,3107,2312.02,165.18
Thursday,12/05/2022,N,96.3,23.30,2332,4152,3137.229,223.74997
Friday,13/05/2022,N,96.8,23.50,2332,566,427.95993,29.529997
Saturday,14/05/2022,N,96.5,23.80,2332,791,600.38007,42.29
Sunday,15/05/2022,N,96.2,24.90,2332,595,455.90994,32.170002
Monday,16/05/2022,N,96.2,24.70,2371,498,376.76,25.95
Tuesday,17/05/2022,N,96,24.60,2371,673,520.41,35.540005
Wednesday,18/05/2022,N,95.9,24.80,2371,352,265.78,18.400002
Thursday,19/05/2022,N,96.4,24.70,2371,674,512.5,35.559998
Friday,20/05/2022,Y,96.3,24.70,2371,2878,2187.13,147.39005
Saturday,21/05/2022,Y,96.3,23.70,2371,3280,2465.2505,171.82005
Sunday,22/05/2022,N,96.5,23.30,2371,2579,1968.8599,134.71002
Monday,23/05/2022,Y,96.7,24.60,2332,1246,943.23004,63.96
Tuesday,24/05/2022,Y,97.3,23.50,2332,1850,1399.7699,95.759995
Wednesday,25/05/2022,Y,96.7,23.70,2332,9556,7423.2915,492.98004
Thursday,26/05/2022,Y,96.6,23.30,2332,2461,1842.6007,129.54002
Friday,27/05/2022,N,96.6,24.30,2332,2785,2086.2698,147.50003
Saturday,28/05/2022,Y,96.5,24.00,2332,2510,1871.1403,130.74998
Sunday,29/05/2022,N,96.9,23.60,2332,1863,1418.43,98.21
Monday,30/05/2022,Y,97,22.60,2358,2117,1635.18,111.64998
Tuesday,31/05/2022,Y,96.9,23.70,2358,1005,760.16003,52.239994
Wednesday,1/06/2022,Y,96.7,23.60,2358,5631,4234.6504,303.14993
Thursday,2/06/2022,Y,96.9,23.80,2358,1745,1293.3098,95.98003
Friday,3/06/2022,N,96.5,23.80,2358,1262,917.69006,68.219986
Saturday,4/06/2022,Y,96.5,23.70,2358,3190,2442.79,165.8
Sunday,5/06/2022,Y,96.6,23.30,2358,3297,2504.6804,169.69998
Monday,6/06/2022,Y,96.9,23.70,2321,3379,2574.6199,176.21
Tuesday,7/06/2022,Y,96.4,23.90,2321,1921,1453.7201,105.08
Wednesday,8/06/2022,N,97.4,23.40,2321,4048,3077.0093,211.68001
Thursday,9/06/2022,Y,96.1,23.50,2321,3948,2984.26,207.28998
Friday,10/06/2022,Y,96,23.60,2321,8488,6625.526,435.596
Saturday,11/06/2022,N,96,23.40,2321,3871,2916.4001,200.78998
Sunday,12/06/2022,Y,96.2,24.00,2321,3674,2818.1106,188.89003
Monday,13/06/2022,N,96,23.30,2336,4120,3264.7097,225.92998
Tuesday,14/06/2022,Y,96,23.40,2336,2944,2305.65,162.96997
Wednesday,15/06/2022,Y,95.7,23.70,2336,5264,3998.6802,279.14
Thursday,16/06/2022,Y,95.8,24.20,2336,8517,6688.092,440.53333
Friday,17/06/2022,Y,96.4,23.40,2336,2204,1628.5201,114.22998
Saturday,18/06/2022,N,96.5,22.40,2336,4192,3173.0903,215.22998
Sunday,19/06/2022,Y,96.2,23.30,2336,8670,6707.483,448.22598
Monday,20/06/2022,Y,96.3,23.30,2352,3626,2716.8904,188.95006
Tuesday,21/06/2022,Y,96.1,23.40,2352,4084,3088.6099,214.70001
Wednesday,22/06/2022,N,96.3,23.50,2352,1425,1046.8301,73.73998
Thursday,23/06/2022,Y,96,24.00,2352,3549,2682.71,186.64996
Friday,24/06/2022,N,96.4,23.60,2352,6579,4926.7,344.52017
Saturday,25/06/2022,Y,96.6,23.40,2352,3372,2541.4304,172.88
Sunday,26/06/2022,N,96.4,23.80,2352,2704,2067.7598,142.92998
Monday,27/06/2022,Y,96.6,23.20,2370,3879,2912.0498,201.90997
Tuesday,28/06/2022,Y,96.4,23.10,2370,5651,4223.551,305.73004
Wednesday,29/06/2022,N,96.5,23.50,2370,3395,2541.7793,176.05002
Thursday,30/06/2022,N,95.3,22.50,2370,3390,2578.9001,179.77002
Friday,1/07/2022,Y,95.7,23.90,2370,3259,2424.1602,171.78
Saturday,2/07/2022,Y,96.3,23.40,2370,3146,2366.6096,166.38004
Sunday,3/07/2022,N,96.3,22.80,2370,8131,6161.9043,413.588
Monday,4/07/2022,Y,96.3,22.90,2413,3624,2709.4604,189.51999
Tuesday,5/07/2022,Y,95.7,23.80,2413,5304,4009.371,280.52988
Wednesday,6/07/2022,N,95.2,22.20,2413,2845,2155.1797,147.41998
Thursday,7/07/2022,Y,95.6,22.50,2413,4761,3582.201,248.27992
Friday,8/07/2022,N,95,23.40,2413,5509,4145.0405,294.88007
Saturday,9/07/2022,Y,95.6,23.20,2413,5446,4132.16,279.83997
Sunday,10/07/2022,N,95.8,22.30,2413,4359,3286.3208,228.55
Monday,11/07/2022,N,95.8,22.90,2428,5091,3823.259,270.32
Tuesday,12/07/2022,Y,95.9,23.00,2428,4544,3412.9897,237.45003
Wednesday,13/07/2022,Y,95.5,22.60,2428,2726,2080.16,141.69997
Thursday,14/07/2022,N,95.5,22.70,2428,4529,3407.5103,233.47992
Friday,15/07/2022,Y,95.5,22.90,2428,1079,844.4501,59.57
Saturday,16/07/2022,Y,95.6,23.30,2428,4755,3625.7603,241.64003
Sunday,17/07/2022,N,95.6,23.10,2428,7126,5315.839,390.7399
Monday,18/07/2022,Y,95.8,23.80,2358,3676,2780.9902,192.83002
Tuesday,19/07/2022,Y,96.1,23.50,2358,4707,3520.3516,243.82999
Wednesday,20/07/2022,N,95.8,23.30,2358,2806,2094.0398,145.51003
Thursday,21/07/2022,Y,95.9,22.10,2358,5255,3926.8901,276.82
Friday,22/07/2022,N,96,24.00,2358,595,449.3,31.329998
Saturday,23/07/2022,Y,95.8,23.00,2358,5775,4426.9907,299.1199
Sunday,24/07/2022,N,95.5,23.10,2358,2116,1608.2601,110.61998
Monday,25/07/2022,N,95.4,24.00,2372,4872,3685.1094,258.61005
Tuesday,26/07/2022,Y,95.9,22.90,2372,5294,3983.501,275.23993
Wednesday,27/07/2022,Y,95.9,22.80,2372,3454,2603.649,181.36993
Thursday,28/07/2022,N,95.3,20.90,2372,4748,3581.1118,254.06996
Friday,29/07/2022,Y,96,23.00,2372,2707,2068.92,138.82005
Saturday,30/07/2022,Y,95.6,23.30,2372,1289,976.7499,66.939995
Sunday,31/07/2022,N,95.6,23.50,2372,2846,2178.8794,147.28996
Monday,1/08/2022,Y,96.3,23.00,2413,5303,4001.8284,279.28003
Tuesday,2/08/2022,Y,95.2,22.80,2413,4409,3313.5703,231.88998
Wednesday,3/08/2022,Y,95.6,22.00,2413,5536,4202.0728,289.90997
Thursday,4/08/2022,N,95.7,21.60,2413,7634,5748.053,392.45172
Friday,5/08/2022,N,95.7,22.74,2413,15889,12025.958,805.6199
Saturday,6/08/2022,N,95.7,22.71,2413,10319,7710.901,527.58997
Sunday,7/08/2022,N,95.6,23.80,2413,4917,3752.95,249.49998
Monday,8/08/2022,Y,96.2,24.00,2306,3540,2674.3901,184.22002
Tuesday,9/08/2022,Y,96,23.70,2306,3096,2385.81,168.03993
Wednesday,10/08/2022,N,96,23.70,2306,5140,3814.4001,277.73007
Thursday,11/08/2022,Y,95.9,22.50,2306,4049,3061.5205,222.86009
Friday,12/08/2022,N,95.9,24.30,2306,4685,3529.5708,241.70998
Saturday,13/08/2022,Y,95.2,24.00,2306,809,617.83014,41.929996
Sunday,14/08/2022,N,96.3,24.00,2306,4290,3262.7708,223.69997
Monday,15/08/2022,Y,96.4,23.40,2351,3437,2531.451,181.47005
Tuesday,16/08/2022,Y,96.4,23.50,2351,3131,2362.6501,163.08002
Wednesday,17/08/2022,N,96.6,23.40,2351,2535,1905.95,132.26
Thursday,18/08/2022,N,96,23.00,2351,3549,2710.79,190.93999
Friday,19/08/2022,Y,96,24.20,2351,1251,952.12006,64.450005
Saturday,20/08/2022,Y,96.3,23.20,2351,891,680.43005,46.26001
Sunday,21/08/2022,N,96.7,23.60,2351,2890,2181.8,152.18002
Monday,22/08/2022,Y,96.8,23.50,2400,5727,4292.9897,296.53998
Tuesday,23/08/2022,N,96,23.30,2400,7061,5363.8804,362.05988
Wednesday,24/08/2022,N,96.6,23.70,2400,5100,3922.9905,281.78998
Thursday,25/08/2022,Y,96.3,23.80,2400,2908,2208.5996,155.21997
Friday,26/08/2022,Y,96.3,23.30,2400,1693,1291.3501,86.83
Saturday,27/08/2022,Y,96.7,24.00,2400,842,638.37994,43.589996
Sunday,28/08/2022,N,96.2,23.2 ,2400,10259,7686.5186,563.0971
Monday,29/08/2022,Y,97.5,23.50,2399,10420,7899.7295,546.51996
Tuesday,30/08/2022,Y,97.3,22.60,2399,12726,9918.506,654.3759
Wednesday,31/08/2022,N,96.8,23.60,2399,12082,9418.294,615.53455
Thursday,1/09/2022,Y,97,22.70,2399,10639,8281.718,552.7344
Friday,2/09/2022,Y,96.7,23.00,2399,10579,8411.799,551.7799
Saturday,3/09/2022,Y,97.1,22.60,2399,10343,8216.147,550.365
Sunday,4/09/2022,N,96.6,22.50,2399,10607,8095.6895,557.7601
Monday,5/09/2022,Y,96.8,22.50,2415,10533,8030.9624,559.25
Tuesday,6/09/2022,Y,96.6,22.50,2415,10095,8085.1436,556.26733
Wednesday,7/09/2022,N,96.6,22.40,2415,10033,8000.2915,531.22504
Thursday,8/09/2022,Y,96.9,22.60,2415,10148,7981.764,550.512
Friday,9/09/2022,N,97,22.60,2415,10153,7633.989,544.08014
Saturday,10/09/2022,Y,95.8,23.10,2415,11119,8641.254,567.93445
Sunday,11/09/2022,N,96.9,22.00,2415,10019,7995.4883,558.99994
Monday,12/09/2022,Y,96.8,22.60,2401,10153,8828.814,702.494
Tuesday,13/09/2022,N,97,22.00,2401,10498,8184.5513,549.07996
Wednesday,14/09/2022,Y,96.3,23.40,2401,10240,8156.3433,577.7139
Thursday,15/09/2022,N,96.4,22.80,2401,10162,7871.431,543.92993
Friday,16/09/2022,Y,96.5,22.50,2401,10299,8031.648,533.9049
Saturday,17/09/2022,Y,96,21.40,2401,12509,9693.061,642.48315
Sunday,18/09/2022,N,96.2,22.00,2401,12430,9389.726,649.5001
Monday,19/09/2022,Y,96,21.60,2373,10436,8024.861,546.87726
Tuesday,20/09/2022,Y,96.6,21.80,2373,10139,7931.74,529.54877
Wednesday,21/09/2022,N,96.2,21.80,2373,10346,7777.8174,551.575
Thursday,22/09/2022,Y,96.3,22.90,2373,10361,7848.411,534.6301
Friday,23/09/2022,N,96.3,21.90,2373,8903,6857.282,460.71997
Saturday,24/09/2022,Y,95.6,22.20,2373,10384,7909.6,540.1499
Sunday,25/09/2022,N,95.8,21.90,2373,10764,8171.8726,557.956
Monday,26/09/2022,Y,95.7,22.00,2377,11451,8809.6045,594.2375
Tuesday,27/09/2022,Y,96,21.80,2377,10246,7932.116,526.9656
Wednesday,28/09/2022,Y,96,21.80,2377,11693,8975.348,596.05
Thursday,29/09/2022,N,95.6,21.70,2377,11284,8674.6,582.4856
Friday,30/09/2022,Y,96,21.00,2377,10082,8086.6006,565.2799
Saturday,1/10/2022,Y,95.2,22.50,2377,10465,7838.5894,582.84
Sunday,2/10/2022,N,96,22.50,2377,10343,7717.9126,556.954
Monday,3/10/2022,Y,96.1,22.30,2403,10373,7964.542,543.9007
Tuesday,4/10/2022,Y,96.1,21.40,2403,10130,8051.91,572.47217
Wednesday,5/10/2022,Y,96,22.40,2403,10295,8065.134,532.4619
Thursday,6/10/2022,Y,95.5,22.50,2403,11101,8637.401,573.6502
Friday,7/10/2022,Y,95.7,20.90,2403,13883,10646.842,708.1997
Saturday,8/10/2022,N,96.3,22.30,2403,10084,7762.1855,514.0034
Sunday,9/10/2022,Y,95.8,21.90,2403,10120,7787.108,534.3661
Monday,10/10/2022,Y,95.7,21.80,2445,10093,7902.071,557.24994
Tuesday,11/10/2022,Y,96,21.90,2445,10199,7616.104,543.44543
Wednesday,12/10/2022,N,95.8,21.30,2445,10330,7903.974,531.0489
Thursday,13/10/2022,N,95.1,22.40,2445,10091,7673.025,524.14734
Friday,14/10/2022,Y,95.3,21.40,2445,10145,7848.3916,534.61975
Saturday,15/10/2022,Y,95.1,22.50,2445,10537,8001.611,542.8409
Sunday,16/10/2022,N,95.2,21.90,2445,10986,8406.834,564.0957
Monday,17/10/2022,Y,96,21.50,2391,10195,7771.6504,533.2967
Tuesday,18/10/2022,Y,95.5,21.40,2391,10633,8193.37,551.06665
Wednesday,19/10/2022,N,95.1,21.60,2391,10616,8085.991,552.19006
Thursday,20/10/2022,N,95.1,21.90,2391,10243,7933.05,529.18005
Friday,21/10/2022,Y,95,22.00,2391,10202,8016.978,535.295
Saturday,22/10/2022,Y,94.6,21.60,2391,10430,8177.4307,534.51825
Sunday,23/10/2022,N,94.2,21.40,2391,12040,9502.247,616.3399
Monday,24/10/2022,Y,95,22.20,2414,10088,7808.6206,525.98785
Tuesday,25/10/2022,Y,95.1,20.20,2414,10207,7836.438,525.37573
Wednesday,26/10/2022,N,94.7,21.34,2414,10370,7818.8506,536.69196
Thursday,27/10/2022,N,94.5,22.40,2414,11290,8745.423,575.0699
Friday,28/10/2022,Y,94.8,21.80,2414,10093,7914.74,522.3998
Saturday,29/10/2022,Y,94.6,21.10,2414,10679,8308.175,543.17255
Sunday,30/10/2022,Y,95.4,21.00,2414,11098,8555.951,572.42004
Monday,31/10/2022,Y,94.7,20.30,2449,11742,9034.941,614.24677
Tuesday,1/11/2022,Y,95.1,21.60,2449,12473,9646.751,645.1159
Wednesday,2/11/2022,N,95,21.50,2449,10862,8473.473,564.11615
Thursday,3/11/2022,Y,94.3,22.30,2449,10764,8265.499,551.5855
Friday,4/11/2022,N,94.2,22.30,2449,10461,7967.0483,544.40643
Saturday,5/11/2022,N,9,2.00,2449,14628,11073.818,742.36005
Sunday,6/11/2022,N,95,21.50,2449,10113,7705.7534,516.8433
Monday,7/11/2022,Y,95.2,21.80,2471,11778,8930.778,615.1101
Tuesday,8/11/2022,Y,94.9,21.60,2471,10241,8056.6562,548.1306
Wednesday,9/11/2022,N,94.5,21.40,2471,11936,9242.356,610.6318
Thursday,10/11/2022,Y,93.8,21.30,2471,10683,8213.068,550.6001
Friday,11/11/2022,N,94.2,21.40,2471,11418,8807.324,583.1569
Saturday,12/11/2022,Y,93.9,21.50,2471,10330,7959.7246,524.61865
Sunday,13/11/2022,N,94.7,21.50,2471,13945,10718.754,708.3483
Monday,14/11/2022,Y,94.8,21.40,2461,10135,7942.1016,543.49994
Tuesday,15/11/2022,Y,94.4,21.80,2461,10103,7734.57,534.78174
Wednesday,16/11/2022,N,94.1,22.00,2461,11700,9021.082,596.2384
Thursday,17/11/2022,N,93.9,21.80,2461,12222,9097.991,649.26245
Friday,18/11/2022,Y,94.5,21.10,2461,10664,8272.727,543.4007
Saturday,19/11/2022,Y,93.8,22.20,2461,10421,8012.3096,529.53
Sunday,20/11/2022,N,93.7,21.90,2461,11137,8414.849,588.81976
Monday,21/11/2022,Y,94.5,21.20,2429,10053,8373.31,574.73004
Tuesday,22/11/2022,Y,94.5,21.90,2429,10111,7768.34,549.43005
Wednesday,23/11/2022,N,94,21.70,2429,10422,8025.7173,533.82996
Thursday,24/11/2022,Y,93.5,21.30,2429,10088,7796.4824,520.51636
Friday,25/11/2022,Y,93.7,22.50,2429,11775,9112.373,604.6597
Saturday,26/11/2022,N,93.7,21.20,2429,10657,8168.7324,559.1033
Sunday,27/11/2022,Y,93.4,21.90,2429,12211,9424.16,727.695
Monday,28/11/2022,Y,93.3,21.90,2485,12006,8712.708,1216.7562
Tuesday,29/11/2022,Y,93.3,23.10,2485,10286,7120.364,830.2014
Wednesday,30/11/2022,Y,93.6,24.80,2485,10774,7673.936,1111.7659
Thursday,1/12/2022,N,93.7,22.90,2485,12630,9683.869,736.90424
Friday,2/12/2022,N,93.8,23.50,2485,10199,7581.082,744.61304
Saturday,3/12/2022,N,93.5,24.00,2485,11173,8373.26,746.22955
Sunday,4/12/2022,N,93.5,25.20,2485,10783,8170.7207,672.81903
Monday,5/12/2022,Y,93.5,23.30,2508,10147,7354.203,1037.6842
Tuesday,6/12/2022,N,93.8,24.30,2508,11641,8838.489,697.1407
Wednesday,7/12/2022,Y,93.8,23.70,2508,11056,7959.7446,863.5966
Thursday,8/12/2022,N,94.5,22.40,2508,11379,9171.971,699.7367
Friday,9/12/2022,Y,94.1,21.10,2508,14179,9969.829,989.6929
Saturday,10/12/2022,Y,94.8,21.80,2508,15303,10975.597,1116.276
Sunday,11/12/2022,Y,94.3,23.30,2508,10711,7642.476,748.73193
Monday,12/12/2022,Y,94.6,21.20,2462,10745,7747.749,1022.8413
Tuesday,13/12/2022,Y,94.3,22.50,2462,11246,7799.514,854.55646
Wednesday,14/12/2022,N,94.9,21.30,2462,15267,11895.998,967.74786
Thursday,15/12/2022,N,94.8,21.70,2462,10472,7990.0522,637.37744
Friday,16/12/2022,Y,94.1,22.30,2462,10900,7573.66,1149.2001
Saturday,17/12/2022,Y,94.7,21.60,2462,16457,12171.477,1077.3296
Sunday,18/12/2022,N,94.4,22.80,2462,10898,8380.475,592.3445
Monday,19/12/2022,Y,94.4,21.50,2492,14076,8053.6665,1052.1185
Tuesday,20/12/2022,Y,94,22.50,2492,13285,9113.539,987.4866
Wednesday,21/12/2022,N,94.4,22.20,2492,13444,10282.135,814.1966
Thursday,22/12/2022,Y,93.2,22.50,2492,13740,9977.11,1011.41675
Friday,23/12/2022,N,94.3,21.10,2492,13405,10115.158,819.47003
Saturday,24/12/2022,Y,94.2,21.70,2492,11844,8832.163,975.81604
Sunday,25/12/2022,N,94.5,22.50,2492,11133,8623.727,742.74316
Monday,26/12/2022,N,95.8,22.70,2564,15454,11626.775,944.6866
Tuesday,27/12/2022,Y,94.6,22.20,2564,13496,9764.566,1158.643
Wednesday,28/12/2022,N,94.5,22.00,2564,14615,11142.857,790.25934
Thursday,29/12/2022,Y,94.1,21.50,2564,14763,10633.44,988.3695
Friday,30/12/2022,Y,93.8,21.60,2564,10905,7777.2803,1167.1458
Saturday,31/12/2022,Y,94,21.80,2564,11038,6873.2354,848.92267
Sunday,1/01/2023,N,95.3,22.20,2564,13067,9981.067,716.2616
Monday,2/01/2023,Y,94,21.40,2500,14192,10225.6045,1194.1648
Tuesday,3/01/2023,Y,94.4,21.50,2500,12468,8684.719,936.75385
Wednesday,4/01/2023,Y,94.1,21.20,2500,12182,8512.318,1188.437
Thursday,5/01/2023,N,94.4,21.60,2500,12157,9309.042,664.55756
Friday,6/01/2023,Y,94.7,21.10,2500,11676,8735.578,1089.4977
Saturday,7/01/2023,Y,94.4,21.00,2500,13062,8648.553,977.95636
Sunday,8/01/2023,N,94.5,21.50,2500,11568,8770.018,624.3807
Monday,9/01/2023,N,93.8,21.80,2485,14065,10639.146,910.93304
Tuesdy,10/01/2023,Y,94.6,21.20,2485,11055,7490.2856,1042.8184
Wednesday,11/01/2023,N,94.7,22.40,2485,11438,8676.367,660.2976
Thursday,12/01/2023,Y,94.7,21.90,2485,11701,8558.428,826.0877
Friday,13/01/2023,Y,94.4,21.10,2485,10613,7496.842,865.75104
Saturday,14/01/2023,N,94,21.40,2485,20133,14091.579,1360.5992
Sunday,15/01/2023,N,94.6,21.30,2485,11478,8481.389,606.07025
Monday,16/01/2023,Y,94.1,21.00,2485,11580,7250.022,1039.8004
Tuesdy,17/01/2023,Y,93.8,21.70,2485,12172,8508.752,865.05035
Wednesday,18/01/2023,N,94.1,21.30,2485,11395,8290.498,622.44116
Thursday,19/01/2023,Y,94.3,20.70,2485,12985,9048.185,1313.8108
Friday,20/01/2023,N,94.1,21.50,2485,12974,9483.596,733.98706
Saturday,21/01/2023,Y,93.2,21.50,2485,10081,6506.193,1085.4193
Sunday,22/01/2023,N,93.6,22.60,2485,11326,8262.574,593.97046
Monday,23/01/2023,Y,94.2,22.00,2433,11500,7792.487,1020.7671
Tuesdy,24/01/2023,Y,94,21.80,2433,11033,7300.5723,926.0164
Wednesday,25/01/2023,N,93.6,21.70,2433,11780,8508.538,705.0387
Thursday,26/01/2023,Y,93.1,22.10,2433,11463,7913.5625,1052.1838
Friday,27/01/2023,Y,93.7,22.20,2433,10933,7493.234,1072.7485
Saturday,28/01/2023,N,94,21.80,2433,12276,8927.784,652.3317
Sunday,29/01/2023,Y,93.6,22.00,2433,10260,6936.386,862.77856
Monday,30/01/2023,Y,93.5,21.40,2446,10962,7421.098,1167.3597
Tuesdy,31/01/2023,Y,93.5,21.80,2446,11590,7381.853,857.00415
Wednesday,1/02/2023,N,94.2,21.40,2446,11455,8407.342,594.05316
Thursday,2/02/2023,N,94.3,22.30,2446,11174,8112.3003,661.33545
Friday,3/02/2023,N,94.5,22.00,2446,11082,8009.739,644.29224
Saturday,4/02/2023,Y,94.4,22.30,2446,11982,7954.842,1304.2065
Sunday,5/02/2023,Y,93.8,22.10,2446,15158,10440.337,1116.5636
Monday,6/02/2023,Y,93.9,21.40,2440,12829,8320.65,1264.4985
Tuesdy,7/02/2023,N,93.8,21.80,2440,13201,9575.105,738.87213
Wednesday,8/02/2023,Y,94.2,22.00,2440,15927,10326.998,1407.0863
Thursday,9/02/2023,Y,93.2,21.80,2440,11309,7503.073,1267.9733
Friday,10/02/2023,N,93.7,23.10,2440,11044,8085.6807,579.9323
Saturday,11/02/2023,N,93.9,22.10,2440,14411,10536.109,773.4183
Sunday,12/02/2023,Y,93.6,21.90,2440,12011,8246.194,1030.6624
Monday,13/02/2023,Y,93.6,21.40,2440,11662,7969.6655,1136.1503
Tuesdy,14/02/2023,N,94.6,22.00,2440,12186,8785.947,781.8117
Wednesday,15/02/2023,Y,94,21.80,2440,12134,8315.424,948.4006
Thursday,16/02/2023,Y,93.6,23.10,2440,11597,7724.635,1304.8257
Friday,17/02/2023,N,93.2,22.30,2440,10424,7327.879,749.5889
Saturday,18/02/2023,N,94.2,21.50,2440,10145,7320.3647,577.90216
Sunday,19/02/2023,Y,94,21.60,2440,13334,8616.523,1169.7727
Monday,20/02/2023,Y,93.4,21.90,2470,12736,8820.547,1237.122
Tuesdy,21/02/2023,Y,93.1,21.70,2470,12215,8073.5312,874.38916
Wednesday,22/02/2023,N,93.5,21.50,2470,13033,9292.289,748.2625
Thursday,23/02/2023,Y,93.3,22.30,2470,10959,7347.032,1105.9713
Friday,24/02/2023,N,93.6,22.60,2470,11834,8577.956,615.71533
Saturday,25/02/2023,Y,93.4,21.80,2470,10574,6966.1387,1033.7208
Sunday,26/02/2023,Y,94,21.40,2470,14661,9668.938,1400.7672
Monday,27/02/2023,Y,94.4,21.30,2522,13454,8978.076,1245.7566
Tuesdy,28/02/2023,N,93.8,21.80,2522,12085,8729.793,713.4761
Wednesday,1/03/2023,N,94.2,21.80,2522,12669,9004.877,716.1027
Thursday,2/03/2023,Y,94.7,21.40,2522,11547,7831.253,972.28217
Friday,3/03/2023,Y,94.3,22.30,2522,10908,7621.3647,1232.5532
Saturday,4/03/2023,Y,94.4,21.90,2522,10410,6954.84,919.9839
Sunday,5/03/2023,N,94.2,22.30,2522,11954,8728.954,629.3999
Monday,6/03/2023,Y,94.5,22.60,2503,11065,7668.574,939.6603
Tuesdy,7/03/2023,N,94.7,22.10,2503,12372,8938.918,678.4535
Wednesday,8/03/2023,Y,94,22.30,2503,11332,7504.6143,1027.2466
Thursday,9/03/2023,Y,93.9,22.20,2503,11351,7562.269,1259.5338
Friday,10/03/2023,N,94.9,21.70,2503,10458,7569.074,604.7942
Saturday,11/03/2023,N,94.6,22.90,2503,11169,8249.516,599.5748
Sunday,12/03/2023,Y,94.3,23.20,2503,12888,8731.357,1036.888
